{"files": [{"name": "chunk_0000.npz", "size": 2500, "mtime": 1767407134.3200521}, {"name": "chunk_0001.npz", "size": 2500, "mtime": 1767407134.4500527}], "board_shape": [18, 8, 8], "policy_shape": [1968]}